x,y,class
1.070522799776908451e+00,7.886318741323067316e-02,0.000000000000000000e+00
1.199251277515712255e+00,7.762618645822921826e-02,0.000000000000000000e+00
1.131696273935648644e+00,1.559366339877489849e-01,0.000000000000000000e+00
9.969210570445981023e-01,3.156830910127694789e-03,0.000000000000000000e+00
9.381594482703267124e-01,3.100897697319028590e-02,0.000000000000000000e+00
8.209661685908514750e-01,1.078412729541757265e-01,0.000000000000000000e+00
8.582383887455624638e-01,1.421552545072591600e-01,0.000000000000000000e+00
1.003201932941112817e+00,2.282484513020420491e-01,0.000000000000000000e+00
1.091532229196338744e+00,1.135647125405364055e-01,0.000000000000000000e+00
1.112157501188745901e+00,1.581534620183611406e-01,0.000000000000000000e+00
9.991680154594392294e-01,2.805294373388703133e-01,0.000000000000000000e+00
1.076215231342316114e+00,3.419581648215815894e-01,0.000000000000000000e+00
9.548901652490168201e-01,5.223975059565988399e-01,0.000000000000000000e+00
9.971144765998229964e-01,3.792155687184564083e-01,0.000000000000000000e+00
8.446960812211266045e-01,4.530356652633106274e-01,0.000000000000000000e+00
9.102024654571039264e-01,2.871330414113579255e-01,0.000000000000000000e+00
9.920908893068538514e-01,3.709291772237880425e-01,0.000000000000000000e+00
7.850449317450898246e-01,2.764548091679046582e-01,0.000000000000000000e+00
9.873113251706460147e-01,4.637721476034952217e-01,0.000000000000000000e+00
9.848753520551204454e-01,4.274483005087327814e-01,0.000000000000000000e+00
9.178379927379148873e-01,3.919663979743505666e-01,0.000000000000000000e+00
1.031216824669295873e+00,5.050483677015719097e-01,0.000000000000000000e+00
9.301771459252772267e-01,4.732976621122001459e-01,0.000000000000000000e+00
7.954661594743017705e-01,6.336549145278147499e-01,0.000000000000000000e+00
7.837738422118427639e-01,7.365242284287305541e-01,0.000000000000000000e+00
7.993008150028338976e-01,6.025452315438484252e-01,0.000000000000000000e+00
7.024171905410211414e-01,6.735995184780143585e-01,0.000000000000000000e+00
7.199948808840368475e-01,4.241922958934933874e-01,0.000000000000000000e+00
7.606715005363433590e-01,5.872560467053138389e-01,0.000000000000000000e+00
5.833329417181163379e-01,7.531133872281325914e-01,0.000000000000000000e+00
4.852014795969610828e-01,7.928158671600198382e-01,0.000000000000000000e+00
7.597908690515088326e-01,5.615345560247616552e-01,0.000000000000000000e+00
6.991301882011331514e-01,7.482780742094702342e-01,0.000000000000000000e+00
6.299958244904095839e-01,8.749120535073615645e-01,0.000000000000000000e+00
7.487341139158936176e-01,9.559532900237956987e-01,0.000000000000000000e+00
6.170642189945592104e-01,7.474546832004556052e-01,0.000000000000000000e+00
4.499240418434802269e-01,8.416426888318516708e-01,0.000000000000000000e+00
4.543956494550182024e-01,8.053449070981658631e-01,0.000000000000000000e+00
4.509648500887678546e-01,6.478206521178597743e-01,0.000000000000000000e+00
6.111085944594217834e-01,9.900426753088745757e-01,0.000000000000000000e+00
3.591483799359415086e-01,7.477967017936220095e-01,0.000000000000000000e+00
3.228270773222047252e-01,8.657450457434403557e-01,0.000000000000000000e+00
5.793225872813162480e-01,8.351782158007970969e-01,0.000000000000000000e+00
5.685446154905434701e-01,9.804096432768338865e-01,0.000000000000000000e+00
5.514841303176187814e-01,8.733958307385075726e-01,0.000000000000000000e+00
3.601328775895771273e-01,9.375309814337156045e-01,0.000000000000000000e+00
4.567838525019401463e-01,9.515536344774638833e-01,0.000000000000000000e+00
2.558415022218946122e-01,8.962716619118757944e-01,0.000000000000000000e+00
4.905255105428861784e-01,9.510290754790018397e-01,0.000000000000000000e+00
3.943297936134529946e-01,9.673542865833211213e-01,0.000000000000000000e+00
4.158233926933738167e-01,9.261211589290794244e-01,0.000000000000000000e+00
4.591140355540533902e-01,9.542144790812975286e-01,0.000000000000000000e+00
1.597475748635878989e-01,9.688179942641705900e-01,0.000000000000000000e+00
1.781702127969751748e-01,8.534860449179788588e-01,0.000000000000000000e+00
2.351744056718686748e-01,9.868049788825457025e-01,0.000000000000000000e+00
2.950758015513140764e-01,8.934859462467485969e-01,0.000000000000000000e+00
1.595251459987889198e-01,9.496514820735004747e-01,0.000000000000000000e+00
1.340798771588036786e-01,8.279216810119891523e-01,0.000000000000000000e+00
1.321092843399668260e-01,1.015602106343023614e+00,0.000000000000000000e+00
5.134033920834116943e-02,1.075692844558268746e+00,0.000000000000000000e+00
1.605738702405667684e-01,1.067201780124645172e+00,0.000000000000000000e+00
1.281368216533432525e-01,8.661283634857651625e-01,0.000000000000000000e+00
-1.746028081421325262e-01,1.096838183152765378e+00,0.000000000000000000e+00
-1.570977376397232894e-01,9.554440149000926752e-01,0.000000000000000000e+00
9.611880573610687151e-02,1.008969544716592059e+00,0.000000000000000000e+00
-1.259880918175579623e-01,1.058633980014523690e+00,0.000000000000000000e+00
-1.783052086337832409e-01,9.094833232566199577e-01,0.000000000000000000e+00
-2.773757245496269452e-02,1.054557343833149474e+00,0.000000000000000000e+00
-3.573244613049300633e-02,8.342630646120179350e-01,0.000000000000000000e+00
-1.006400179935039441e-01,8.895670133072434149e-01,0.000000000000000000e+00
-3.479061348475074311e-01,1.059218567327784744e+00,0.000000000000000000e+00
-2.463199270595975154e-01,8.926657972162237442e-01,0.000000000000000000e+00
-2.356652025409171070e-01,1.068066348249827602e+00,0.000000000000000000e+00
-8.126559533461213958e-02,9.680458338964594844e-01,0.000000000000000000e+00
-3.733832453813777930e-01,9.314267547782377754e-01,0.000000000000000000e+00
-4.790731058329574799e-01,9.305540007546471148e-01,0.000000000000000000e+00
-2.586907659659680725e-01,7.908036610670818867e-01,0.000000000000000000e+00
-3.217090251149369307e-01,1.004351257633899541e+00,0.000000000000000000e+00
-5.064598846635662843e-01,1.112263952130607914e+00,0.000000000000000000e+00
-3.189104778806399754e-01,8.358472001327028611e-01,0.000000000000000000e+00
-4.553433671045429842e-01,8.479743403683835945e-01,0.000000000000000000e+00
-5.184673757985365228e-01,9.397236375132774766e-01,0.000000000000000000e+00
-4.529551554936131486e-01,1.051357221603149705e+00,0.000000000000000000e+00
-5.791036999575198685e-01,1.012406147963723413e+00,0.000000000000000000e+00
-4.991457497901944373e-01,7.613289134409744197e-01,0.000000000000000000e+00
-5.485810021363171085e-01,7.863534149808124596e-01,0.000000000000000000e+00
-3.973189673967008062e-01,9.414628079296666341e-01,0.000000000000000000e+00
-6.687144895625646290e-01,7.648956090301887167e-01,0.000000000000000000e+00
-6.765244195548274497e-01,7.753827890278529589e-01,0.000000000000000000e+00
-7.648070975521905623e-01,9.486442634383249750e-01,0.000000000000000000e+00
-6.457768448940700567e-01,7.146601221531947434e-01,0.000000000000000000e+00
-6.169575793290705823e-01,8.333866469347628314e-01,0.000000000000000000e+00
-6.922525793999704247e-01,7.287737339659589031e-01,0.000000000000000000e+00
-6.667144769002025795e-01,5.306659165032083791e-01,0.000000000000000000e+00
-7.533442925212811003e-01,7.474881582948268433e-01,0.000000000000000000e+00
-7.227795873862519205e-01,7.425021219105847337e-01,0.000000000000000000e+00
-6.735910571659816659e-01,8.838673746350007576e-01,0.000000000000000000e+00
-6.819854709557718886e-01,6.469738243914008313e-01,0.000000000000000000e+00
-6.720891762316651974e-01,6.215348826496287504e-01,0.000000000000000000e+00
-6.888226107459654024e-01,9.158130056822391118e-01,0.000000000000000000e+00
-8.340539477023926063e-01,5.782587849516561684e-01,0.000000000000000000e+00
-9.480152712941253279e-01,6.001304303256451700e-01,0.000000000000000000e+00
-8.352979759482039857e-01,6.707857443198680381e-01,0.000000000000000000e+00
-6.201875843799743437e-01,5.374246153520914060e-01,0.000000000000000000e+00
-8.985894542230816739e-01,5.847771624471220786e-01,0.000000000000000000e+00
-8.612546738182375039e-01,4.078473644510479112e-01,0.000000000000000000e+00
-8.780452826155569213e-01,5.698261662693134832e-01,0.000000000000000000e+00
-8.895017435709324793e-01,3.285744580511646973e-01,0.000000000000000000e+00
-9.258691622893469031e-01,2.442971897053205499e-01,0.000000000000000000e+00
-7.799063397174460510e-01,4.766209441187678753e-01,0.000000000000000000e+00
-8.188807560354488535e-01,5.349537481950696893e-01,0.000000000000000000e+00
-8.694950841776901695e-01,4.327754876927699668e-01,0.000000000000000000e+00
-8.552791878896416344e-01,1.320105036420469447e-01,0.000000000000000000e+00
-9.852261437383569298e-01,2.186953456453414324e-01,0.000000000000000000e+00
-1.112399176013454616e+00,2.888515713718785016e-01,0.000000000000000000e+00
-8.856097672498675077e-01,2.377657219149428292e-01,0.000000000000000000e+00
-9.836536218624671868e-01,3.395814792228790679e-01,0.000000000000000000e+00
-1.083522666121322864e+00,1.522402201829937685e-01,0.000000000000000000e+00
-7.811879904928138441e-01,1.036191238416026700e-01,0.000000000000000000e+00
-9.400014332950925589e-01,1.929289316490960249e-01,0.000000000000000000e+00
-9.240601082396081578e-01,1.063260013405022131e-01,0.000000000000000000e+00
-9.292633123074341972e-01,6.222627115504590634e-02,0.000000000000000000e+00
-9.235188617472460670e-01,-1.194293606095840760e-01,0.000000000000000000e+00
-1.038060298391569880e+00,-1.720631454361241652e-01,0.000000000000000000e+00
-1.085714238888828120e+00,4.662619617094306002e-02,0.000000000000000000e+00
-8.369653229138945827e-01,-1.593416095488741080e-01,0.000000000000000000e+00
-1.109821588428129724e+00,-1.325771803408114929e-02,0.000000000000000000e+00
-1.087457175937216469e+00,-1.980048225589403632e-01,0.000000000000000000e+00
-1.047643397230342943e+00,-1.446208956272268531e-02,0.000000000000000000e+00
-1.065323380435140965e+00,-2.746222210450938173e-01,0.000000000000000000e+00
-1.018296605892924811e+00,-2.837612530677456613e-02,0.000000000000000000e+00
-9.439671828828998246e-01,9.400945832747614750e-03,0.000000000000000000e+00
-9.816259301741141474e-01,-7.954485234438968266e-02,0.000000000000000000e+00
-9.988694812564985481e-01,-2.930991086421080860e-01,0.000000000000000000e+00
-9.706600633950862589e-01,-3.394691135813392435e-01,0.000000000000000000e+00
-1.265131391984826159e+00,-1.273400056484563503e-01,0.000000000000000000e+00
-9.824749494478668410e-01,-1.599804829798345818e-01,0.000000000000000000e+00
-9.041879255833907836e-01,-2.903261268170487797e-01,0.000000000000000000e+00
-8.285377460075737943e-01,-4.080876212197901975e-01,0.000000000000000000e+00
-9.985938843543193943e-01,-4.979362384008708675e-01,0.000000000000000000e+00
-8.617052907548158336e-01,-4.629345105259666804e-01,0.000000000000000000e+00
-6.753445378720278613e-01,-3.660610056567169535e-01,0.000000000000000000e+00
-8.506164194881825624e-01,-5.524888852816292051e-01,0.000000000000000000e+00
-9.333429068554737196e-01,-3.936945973027921597e-01,0.000000000000000000e+00
-1.014885109679812825e+00,-3.905454203840175165e-01,0.000000000000000000e+00
-8.632384792697505027e-01,-5.456857857302079839e-01,0.000000000000000000e+00
-8.242329094299067904e-01,-3.328745785138474966e-01,0.000000000000000000e+00
-7.734854504948874832e-01,-5.397717835307199730e-01,0.000000000000000000e+00
-6.079419265058640942e-01,-4.891793760995089557e-01,0.000000000000000000e+00
-8.703171848548187928e-01,-5.360965269926715182e-01,0.000000000000000000e+00
-8.200186293058846498e-01,-3.816562191274612825e-01,0.000000000000000000e+00
-7.494569481234587549e-01,-7.083507331481717628e-01,0.000000000000000000e+00
-7.580844161428391681e-01,-4.834384630529947602e-01,0.000000000000000000e+00
-7.836239510959206456e-01,-7.023117412152605210e-01,0.000000000000000000e+00
-7.578117582492007731e-01,-6.706521387539534640e-01,0.000000000000000000e+00
-4.919822985161771411e-01,-7.861684647414467486e-01,0.000000000000000000e+00
-5.890664078723170105e-01,-8.558369354790329453e-01,0.000000000000000000e+00
-7.071913813131901483e-01,-7.960506873395050143e-01,0.000000000000000000e+00
-9.386367383189198055e-01,-7.917695413511860458e-01,0.000000000000000000e+00
-6.396483350765724829e-01,-8.379341561559854323e-01,0.000000000000000000e+00
-4.261794833318170994e-01,-9.359208318078358069e-01,0.000000000000000000e+00
-6.765038222107844224e-01,-9.174765820003243366e-01,0.000000000000000000e+00
-6.222451026956263842e-01,-7.253309495862521050e-01,0.000000000000000000e+00
-7.096577194701869651e-01,-9.355257652591917328e-01,0.000000000000000000e+00
-4.117809388087696476e-01,-8.259466069252716647e-01,0.000000000000000000e+00
-5.806142316049677232e-01,-9.697129436040652362e-01,0.000000000000000000e+00
-4.978481227268324871e-01,-8.411624076419513818e-01,0.000000000000000000e+00
-4.839076508879840421e-01,-8.540444495294959859e-01,0.000000000000000000e+00
-4.898883937376458109e-01,-8.290416990745248516e-01,0.000000000000000000e+00
-2.710129916842707321e-01,-7.733462811209135257e-01,0.000000000000000000e+00
-5.224680727889322585e-01,-1.012478289502117157e+00,0.000000000000000000e+00
-3.866829770147252598e-01,-9.642341147164240622e-01,0.000000000000000000e+00
-4.310283550699767208e-01,-9.910261154574651066e-01,0.000000000000000000e+00
-3.431436406323509769e-01,-9.056111394177948082e-01,0.000000000000000000e+00
-3.402022360334359119e-01,-9.615076971763312219e-01,0.000000000000000000e+00
-3.889889980497035493e-01,-1.083335747007661221e+00,0.000000000000000000e+00
-3.346507713084717617e-01,-8.240312652440937580e-01,0.000000000000000000e+00
-1.731463855283971176e-01,-9.193777602623127709e-01,0.000000000000000000e+00
-1.319460508469490478e-01,-1.103856199517816439e+00,0.000000000000000000e+00
-2.840216568586275137e-01,-1.071483572021377118e+00,0.000000000000000000e+00
-2.421747981216770818e-01,-9.857638361739761157e-01,0.000000000000000000e+00
-2.025026748906225138e-01,-1.010051544308043781e+00,0.000000000000000000e+00
-2.573136372239543945e-01,-1.284714622413788643e+00,0.000000000000000000e+00
-2.084689358969041839e-01,-9.576353782973522355e-01,0.000000000000000000e+00
-1.340183759602192048e-01,-1.095918416716855415e+00,0.000000000000000000e+00
5.875350960184931581e-02,-9.226584242118259782e-01,0.000000000000000000e+00
-4.532622436849546854e-02,-1.024422520179023133e+00,0.000000000000000000e+00
1.887261810670280704e-01,-1.131273851463075131e+00,0.000000000000000000e+00
7.465181438911878964e-02,-1.009461199343097082e+00,0.000000000000000000e+00
3.075935387428122350e-02,-1.028782445785529909e+00,0.000000000000000000e+00
2.647892538802001927e-03,-7.790243815458751664e-01,0.000000000000000000e+00
8.250563853946035753e-02,-1.051555676369488435e+00,0.000000000000000000e+00
1.724402652629730970e-01,-9.792633270294861525e-01,0.000000000000000000e+00
8.181899666487106593e-02,-9.187309665622434007e-01,0.000000000000000000e+00
1.978682384569536989e-01,-8.849473639465778030e-01,0.000000000000000000e+00
3.117582249159988050e-01,-1.026869908782359175e+00,0.000000000000000000e+00
2.859998988240698981e-01,-9.159372972184336437e-01,0.000000000000000000e+00
9.502572580220158827e-02,-1.120882220113266881e+00,0.000000000000000000e+00
3.662799948305375808e-01,-7.990148195333419689e-01,0.000000000000000000e+00
2.964140608507896402e-01,-1.051857987585081533e+00,0.000000000000000000e+00
3.414200980562269172e-01,-8.934377245307248971e-01,0.000000000000000000e+00
3.550448504685304596e-01,-9.009711378143927529e-01,0.000000000000000000e+00
5.324695234352494477e-01,-9.074844726443211940e-01,0.000000000000000000e+00
3.081093221058223697e-01,-9.801340750439391236e-01,0.000000000000000000e+00
4.532090096496893539e-01,-9.346342372335201265e-01,0.000000000000000000e+00
4.530732879478300279e-01,-9.141228668478246222e-01,0.000000000000000000e+00
6.098229132253578655e-01,-8.364989316624720228e-01,0.000000000000000000e+00
4.454257287688300204e-01,-7.903289379248554791e-01,0.000000000000000000e+00
3.199449152134956620e-01,-9.724937694629222085e-01,0.000000000000000000e+00
7.601567527428156890e-01,-8.264354381366065816e-01,0.000000000000000000e+00
6.126617919792698430e-01,-8.450911886486509594e-01,0.000000000000000000e+00
7.000893248080859443e-01,-6.719097329043703937e-01,0.000000000000000000e+00
7.778674266242459057e-01,-7.261707477407592926e-01,0.000000000000000000e+00
7.292913859274137156e-01,-7.850962535965166911e-01,0.000000000000000000e+00
6.018251023423439872e-01,-6.029303941070266459e-01,0.000000000000000000e+00
7.997117263735283865e-01,-8.516097369624610058e-01,0.000000000000000000e+00
5.729375011590704947e-01,-7.998034749769914464e-01,0.000000000000000000e+00
7.576284202343949170e-01,-6.465686236978878121e-01,0.000000000000000000e+00
7.824195821186277211e-01,-5.841155370959598692e-01,0.000000000000000000e+00
7.285929540424365136e-01,-6.536727025151283232e-01,0.000000000000000000e+00
9.337694656837411955e-01,-5.104193684778625117e-01,0.000000000000000000e+00
8.544132905738673900e-01,-7.338344877573714786e-01,0.000000000000000000e+00
6.735967296261569093e-01,-5.906804237997926865e-01,0.000000000000000000e+00
6.490002073945065897e-01,-4.410246779592927879e-01,0.000000000000000000e+00
7.793283515322697586e-01,-7.226808038819095836e-01,0.000000000000000000e+00
8.169458345174630542e-01,-6.715032669051016478e-01,0.000000000000000000e+00
8.989996435376214068e-01,-3.989733118229942255e-01,0.000000000000000000e+00
9.813875766220454544e-01,-5.133632723128501718e-01,0.000000000000000000e+00
9.155827449286162434e-01,-3.396886227847846773e-01,0.000000000000000000e+00
9.794938928216738727e-01,-4.075099998539480350e-01,0.000000000000000000e+00
9.036946885369484539e-01,-4.573584928648689596e-01,0.000000000000000000e+00
9.427227608086464761e-01,-4.199068983585977355e-01,0.000000000000000000e+00
9.274784078850778490e-01,-5.406869454496457950e-01,0.000000000000000000e+00
7.499781467206645402e-01,-3.292456120163462230e-01,0.000000000000000000e+00
7.997581370314317262e-01,-4.044567952617602047e-01,0.000000000000000000e+00
1.043273513026145016e+00,-4.136857866332057654e-01,0.000000000000000000e+00
9.553557433497470441e-01,-2.749414340034819215e-01,0.000000000000000000e+00
8.701915667326409753e-01,-1.812044599586999649e-01,0.000000000000000000e+00
1.010252614222815870e+00,-2.788738372628897788e-01,0.000000000000000000e+00
1.172868275750080569e+00,-3.242604495830949118e-01,0.000000000000000000e+00
1.009575582589828047e+00,-2.646545116785382623e-01,0.000000000000000000e+00
9.540080838290103671e-01,-3.049564844892066473e-01,0.000000000000000000e+00
7.922377326176863743e-01,-1.372007931447544737e-01,0.000000000000000000e+00
1.009301030123089360e+00,-1.539692501292120042e-01,0.000000000000000000e+00
9.563454988335267082e-01,-3.422057520367684236e-02,0.000000000000000000e+00
1.180242640391040210e+00,-2.266481850529063202e-01,0.000000000000000000e+00
1.073258661012582937e+00,3.630771496542754828e-02,0.000000000000000000e+00
1.078658960967509906e+00,-3.676093162794671909e-01,0.000000000000000000e+00
9.964948499579546759e-01,-7.019260466738361237e-02,0.000000000000000000e+00
1.096020120978831169e+00,6.497423600875130989e-02,0.000000000000000000e+00
9.095733997956612082e-01,6.889086210801660670e-02,0.000000000000000000e+00
1.142654933166880271e+00,2.260185542071896092e-01,0.000000000000000000e+00
1.080901450721108770e+00,1.200861673677637437e-01,0.000000000000000000e+00
1.006885117082759296e+00,-6.641405177413096939e-02,0.000000000000000000e+00
8.961603170398806384e-01,2.187054416967775805e-01,0.000000000000000000e+00
1.011393171820038406e+00,1.067135497513114761e-01,0.000000000000000000e+00
8.541381797917275698e-01,1.500284115758635517e-01,0.000000000000000000e+00
1.027035961161875788e+00,-3.786093195153808488e-02,0.000000000000000000e+00
1.023009048509951224e+00,3.155616899400321973e-01,0.000000000000000000e+00
9.161625363012934065e-01,2.406275365812978184e-01,0.000000000000000000e+00
1.101118917786887419e+00,4.941080973359721074e-01,0.000000000000000000e+00
9.113681497736222381e-01,3.678532612802197233e-01,0.000000000000000000e+00
7.783405512545514826e-01,2.005907461544109149e-01,0.000000000000000000e+00
9.669146098386223187e-01,2.566615744840755609e-01,0.000000000000000000e+00
9.085855952652036605e-01,2.437488892632287962e-01,0.000000000000000000e+00
7.893744299158235167e-01,3.325744680563714195e-01,0.000000000000000000e+00
9.872804051567195538e-01,3.950183229392106310e-01,0.000000000000000000e+00
9.937137185119455651e-01,5.462669704079570199e-01,0.000000000000000000e+00
1.014557617922617672e+00,4.340934142049105993e-01,0.000000000000000000e+00
9.209524626459684171e-01,5.909223695322823877e-01,0.000000000000000000e+00
9.191476435178218551e-01,4.386510726153612372e-01,0.000000000000000000e+00
6.710168900891779753e-01,4.914933109288164292e-01,0.000000000000000000e+00
8.628775142075133520e-01,5.380710574989978623e-01,0.000000000000000000e+00
9.184914424192428539e-01,5.449087209898270112e-01,0.000000000000000000e+00
8.210607028577644462e-01,4.996161838611018480e-01,0.000000000000000000e+00
6.774187205067606632e-01,5.035766838399865497e-01,0.000000000000000000e+00
5.891296565898614945e-01,7.450906048635472789e-01,0.000000000000000000e+00
8.011795607507444794e-01,6.202031957102456250e-01,0.000000000000000000e+00
8.403440375752933011e-01,8.693839468118373937e-01,0.000000000000000000e+00
5.812768234024012770e-01,6.429945640364199688e-01,0.000000000000000000e+00
8.449180580945331309e-01,7.152967325561623291e-01,0.000000000000000000e+00
7.822903932499053470e-01,5.571601699979213951e-01,0.000000000000000000e+00
7.397886160004516487e-01,7.277436329268756054e-01,0.000000000000000000e+00
7.071365474058526335e-01,5.975167136484743624e-01,0.000000000000000000e+00
6.184284211148212140e-01,9.645606194654223753e-01,0.000000000000000000e+00
6.085367409003527017e-01,7.035692599541305547e-01,0.000000000000000000e+00
5.167796346491915216e-01,6.457172949293650266e-01,0.000000000000000000e+00
8.020576631586228133e-01,8.701784376463789217e-01,0.000000000000000000e+00
5.771991468903148181e-01,9.950646317596367751e-01,0.000000000000000000e+00
5.474315788466916910e-01,9.051523899183790967e-01,0.000000000000000000e+00
7.244578642896630782e-01,6.924090254872606875e-01,0.000000000000000000e+00
5.861691224254836907e-01,7.644174364621602047e-01,0.000000000000000000e+00
4.234634765386886546e-01,8.069668087392571909e-01,0.000000000000000000e+00
3.388078686440832432e-01,1.054132586492666501e+00,0.000000000000000000e+00
6.101432671103512728e-01,9.852546795557066694e-01,0.000000000000000000e+00
6.189761561267311807e-01,9.946956928283322563e-01,0.000000000000000000e+00
3.920869720090801036e-01,1.010117701114339628e+00,0.000000000000000000e+00
4.334320415185478614e-01,8.569795128862029987e-01,0.000000000000000000e+00
5.660626220467932512e-01,9.300527606496573618e-01,0.000000000000000000e+00
4.120730002208291554e-01,1.129598431651619439e+00,0.000000000000000000e+00
2.351842532969397048e-01,9.622863250211870501e-01,0.000000000000000000e+00
2.632799732534377712e-01,1.006652166824693273e+00,0.000000000000000000e+00
2.649266016187189487e-01,9.198489859004779223e-01,0.000000000000000000e+00
3.179871581755241428e-01,9.196224646136367253e-01,0.000000000000000000e+00
1.321505515043233658e-01,1.032341799266547566e+00,0.000000000000000000e+00
2.522815262919404500e-01,8.531323775209869176e-01,0.000000000000000000e+00
6.145361014473607608e-02,1.000627609176953037e+00,0.000000000000000000e+00
1.665673313336390460e-01,1.092186108004209677e+00,0.000000000000000000e+00
1.971515751110366199e-01,1.057928561540513401e+00,0.000000000000000000e+00
-2.117466375456976413e-02,9.272529252799383004e-01,0.000000000000000000e+00
3.352312170874587743e-02,8.980759772189039758e-01,0.000000000000000000e+00
-5.684625326932712247e-02,9.040890199433523344e-01,0.000000000000000000e+00
-8.223808613380162447e-02,1.070268433107842032e+00,0.000000000000000000e+00
-4.748117766083403968e-02,1.077603810500004533e+00,0.000000000000000000e+00
-1.841456707215393396e-01,1.068461549635299379e+00,0.000000000000000000e+00
3.668148298672561924e-02,1.018065194920387384e+00,0.000000000000000000e+00
-6.602834014925190731e-02,1.032376723703829935e+00,0.000000000000000000e+00
-8.036597781906834603e-02,7.033981918594752747e-01,0.000000000000000000e+00
-2.055922453280017992e-02,1.029440000328375016e+00,0.000000000000000000e+00
3.948116747641242097e-02,8.779644237167172349e-01,0.000000000000000000e+00
-1.597063023701945361e-01,1.128850630240199049e+00,0.000000000000000000e+00
-2.479543570469879277e-01,7.818316155501423559e-01,0.000000000000000000e+00
-3.446326337371728998e-01,9.085004648413343986e-01,0.000000000000000000e+00
-1.092164706663731055e-01,9.170589650206801835e-01,0.000000000000000000e+00
-1.770577398405825398e-01,1.140055753420852191e+00,0.000000000000000000e+00
-4.055631506333367553e-01,1.020561847879707607e+00,0.000000000000000000e+00
-3.172160920046883104e-01,9.573200204841216809e-01,0.000000000000000000e+00
-3.026408619403647138e-01,8.591367338815725230e-01,0.000000000000000000e+00
-2.961674198824955084e-01,8.770536501866545986e-01,0.000000000000000000e+00
-4.282583912852171992e-01,7.356388070439605631e-01,0.000000000000000000e+00
-4.396490213931756319e-01,7.435525335531864011e-01,0.000000000000000000e+00
-5.491391964721119567e-01,1.084251541130502927e+00,0.000000000000000000e+00
-5.199141525184105550e-01,8.280647785241233017e-01,0.000000000000000000e+00
-5.172676169761910581e-01,9.841388764919380971e-01,0.000000000000000000e+00
-5.028733283912547591e-01,8.732630671566332659e-01,0.000000000000000000e+00
-5.914283712235608448e-01,7.854412916400874689e-01,0.000000000000000000e+00
-4.006275317095725486e-01,7.947312706157233508e-01,0.000000000000000000e+00
-9.363587544069161828e-01,7.364689852362624745e-01,0.000000000000000000e+00
-6.091055089993765437e-01,6.846744329942842100e-01,0.000000000000000000e+00
-6.094915930362103662e-01,7.143871555141924068e-01,0.000000000000000000e+00
-6.761698919521921258e-01,7.916864486683756752e-01,0.000000000000000000e+00
-6.672126397469233527e-01,6.209150595946282269e-01,0.000000000000000000e+00
-6.729611094244057901e-01,8.408840581705674389e-01,0.000000000000000000e+00
-7.779943302375087466e-01,6.410365066325443006e-01,0.000000000000000000e+00
-9.105193917662819381e-01,5.108091543065701456e-01,0.000000000000000000e+00
-7.775145232176698951e-01,7.666122210809741544e-01,0.000000000000000000e+00
-7.261655824286832317e-01,6.835584485584368375e-01,0.000000000000000000e+00
-9.976827464529968159e-01,5.938878167739123359e-01,0.000000000000000000e+00
-7.595214759670836369e-01,6.704748986811901457e-01,0.000000000000000000e+00
-9.341789487944658354e-01,7.288514177646374659e-01,0.000000000000000000e+00
-8.260472356966112040e-01,6.116693063041186429e-01,0.000000000000000000e+00
-7.520522572896761737e-01,5.447988353356235658e-01,0.000000000000000000e+00
-9.608433715526256691e-01,4.829031212993628031e-01,0.000000000000000000e+00
-6.203025790741026890e-01,4.967645436520941038e-01,0.000000000000000000e+00
-9.289460691388786717e-01,6.907745813422636605e-01,0.000000000000000000e+00
-7.424067828657782142e-01,4.469184913105411217e-01,0.000000000000000000e+00
-7.824674983381255666e-01,5.235776472995594677e-01,0.000000000000000000e+00
-8.224629746330378577e-01,4.819072069252615109e-01,0.000000000000000000e+00
-9.140367424061877077e-01,3.498136036766039125e-01,0.000000000000000000e+00
-1.071407764621589154e+00,4.586599374907160964e-01,0.000000000000000000e+00
-9.798413836344050942e-01,3.167494440400945299e-01,0.000000000000000000e+00
-1.090451958124744047e+00,3.575151299654247827e-01,0.000000000000000000e+00
-1.008967544504322245e+00,6.020981741546018728e-01,0.000000000000000000e+00
-1.018397080004296074e+00,3.015524626853842705e-01,0.000000000000000000e+00
-1.064958460700262677e+00,2.212496346070156050e-01,0.000000000000000000e+00
-8.027163086773569933e-01,-1.584683651328255838e-02,0.000000000000000000e+00
-1.033095400881264503e+00,1.846497046026412681e-01,0.000000000000000000e+00
-8.701134761749635960e-01,3.066435380451397186e-01,0.000000000000000000e+00
-1.132933009470002972e+00,1.674240078314978564e-01,0.000000000000000000e+00
-1.044704352319285601e+00,-1.216353613973905623e-02,0.000000000000000000e+00
-9.570172889009346262e-01,1.466147004331356529e-01,0.000000000000000000e+00
-8.469220971169086898e-01,5.608632416358902417e-02,0.000000000000000000e+00
-1.032599230713957983e+00,4.410174612139895756e-02,0.000000000000000000e+00
-9.867849684505645147e-01,1.642986446063626066e-03,0.000000000000000000e+00
-8.973028530234611333e-01,7.055272871000406454e-02,0.000000000000000000e+00
-1.038819994841190253e+00,1.364228279531185806e-01,0.000000000000000000e+00
-9.255451413193002130e-01,-5.193680412443613115e-02,0.000000000000000000e+00
-9.526752965204988710e-01,-8.617771225316048223e-02,0.000000000000000000e+00
-9.466343064683038211e-01,-1.088979752500195269e-01,0.000000000000000000e+00
-9.321850760754764043e-01,-1.804842813077754404e-01,0.000000000000000000e+00
-1.081915210658155102e+00,-7.811211049944645490e-02,0.000000000000000000e+00
-9.821839954431154096e-01,-1.541718025705165751e-01,0.000000000000000000e+00
-1.015139146815431159e+00,-2.506126569723564068e-01,0.000000000000000000e+00
-1.085300677454768659e+00,4.595698085432797786e-02,0.000000000000000000e+00
-1.081421372676510284e+00,-2.520813621085727929e-01,0.000000000000000000e+00
-9.936339990655719268e-01,-4.172018217732788026e-01,0.000000000000000000e+00
-9.529626039260696846e-01,-4.124040756656538464e-01,0.000000000000000000e+00
-9.785785282078913738e-01,-2.520114600077412725e-01,0.000000000000000000e+00
-1.105443598995459631e+00,-3.531168328089114850e-01,0.000000000000000000e+00
-9.706206260632933569e-01,-4.511628476032898960e-01,0.000000000000000000e+00
-7.685903031063392454e-01,-3.031454347548330208e-01,0.000000000000000000e+00
-8.116425103900184457e-01,-3.337032142774967181e-01,0.000000000000000000e+00
-7.442454841298800083e-01,-4.168037858394807449e-01,0.000000000000000000e+00
-8.958166570975788501e-01,-4.708021698818548040e-01,0.000000000000000000e+00
-8.911698360958717480e-01,-5.979091163183073432e-01,0.000000000000000000e+00
-8.998985165209207882e-01,-5.647908551883369377e-01,0.000000000000000000e+00
-7.191350131320513039e-01,-6.285515517501157889e-01,0.000000000000000000e+00
-8.796595516539249537e-01,-4.576273506314550987e-01,0.000000000000000000e+00
-7.303926657530284139e-01,-6.939208337334925591e-01,0.000000000000000000e+00
-9.110522815120910556e-01,-6.449229358327883688e-01,0.000000000000000000e+00
-7.975050683592267431e-01,-7.723695332640067024e-01,0.000000000000000000e+00
-9.429110749550329018e-01,-7.219011162224343581e-01,0.000000000000000000e+00
-7.129610119668325918e-01,-6.560952000045235932e-01,0.000000000000000000e+00
-7.873537235041516702e-01,-5.182061084879520108e-01,0.000000000000000000e+00
-7.026861763985963183e-01,-6.852879569620936584e-01,0.000000000000000000e+00
-7.026982559698169428e-01,-7.785534643523767118e-01,0.000000000000000000e+00
-6.818192745299713753e-01,-7.067459109809646201e-01,0.000000000000000000e+00
-4.813202872000916788e-01,-6.876797363987005030e-01,0.000000000000000000e+00
-7.994156253185329408e-01,-5.837510959544045530e-01,0.000000000000000000e+00
-6.288779331509155579e-01,-9.411104069582634235e-01,0.000000000000000000e+00
-6.057137706521273923e-01,-7.744511346866720380e-01,0.000000000000000000e+00
-5.251511638329098286e-01,-6.842579215121784575e-01,0.000000000000000000e+00
-6.749092598704238277e-01,-9.919831759617359079e-01,0.000000000000000000e+00
-5.662530346771086354e-01,-9.181066504151100816e-01,0.000000000000000000e+00
-4.389190130635284293e-01,-7.167511171859765051e-01,0.000000000000000000e+00
-5.056796803256307093e-01,-9.349598799493138435e-01,0.000000000000000000e+00
-4.767437462568094864e-01,-9.151285746627426665e-01,0.000000000000000000e+00
-3.911069390252039368e-01,-9.449890387715601525e-01,0.000000000000000000e+00
-5.704254278201766892e-01,-1.198745811104112713e+00,0.000000000000000000e+00
-4.015852564918632184e-01,-8.689304058832775235e-01,0.000000000000000000e+00
-5.137456030882536773e-01,-9.920098745521295225e-01,0.000000000000000000e+00
-2.991463477620930900e-01,-7.805496522189105946e-01,0.000000000000000000e+00
-1.971875906687192426e-01,-8.261303739212174646e-01,0.000000000000000000e+00
-1.600968701514732528e-01,-1.006927760040751796e+00,0.000000000000000000e+00
-3.710308120643521224e-01,-1.014804467960837009e+00,0.000000000000000000e+00
-1.998567183627256716e-01,-8.570256715778670209e-01,0.000000000000000000e+00
-1.533768426851111200e-01,-1.039248001700018520e+00,0.000000000000000000e+00
-3.692543228800751476e-02,-9.069173411766604520e-01,0.000000000000000000e+00
-1.953749553919393311e-01,-8.932200444024921415e-01,0.000000000000000000e+00
-2.127587537907403292e-01,-9.957929454777870726e-01,0.000000000000000000e+00
-1.604336103714596173e-01,-9.631433663364619147e-01,0.000000000000000000e+00
-1.548885529270113415e-01,-9.252886834162672436e-01,0.000000000000000000e+00
-9.664025436706862038e-02,-1.000708569918495661e+00,0.000000000000000000e+00
-8.818580371171831633e-02,-1.050659348925660375e+00,0.000000000000000000e+00
-1.939851337716238522e-01,-9.725347292238130104e-01,0.000000000000000000e+00
9.285147642994288908e-02,-8.700823204288961055e-01,0.000000000000000000e+00
9.573544197141967138e-02,-1.055951445670103128e+00,0.000000000000000000e+00
3.448755769439260793e-02,-9.928642241280938308e-01,0.000000000000000000e+00
1.651822244153170957e-02,-1.063288208230774412e+00,0.000000000000000000e+00
1.794581052970713464e-01,-9.280646634534970296e-01,0.000000000000000000e+00
1.290093323678430104e-01,-1.004091829604503161e+00,0.000000000000000000e+00
2.247144915235238793e-01,-9.971254242520531941e-01,0.000000000000000000e+00
1.715660962881658813e-01,-1.019056475021798525e+00,0.000000000000000000e+00
7.767218702837094813e-02,-8.854316012892066157e-01,0.000000000000000000e+00
2.396435642328604287e-01,-9.074368680091033923e-01,0.000000000000000000e+00
1.953334645508718048e-01,-1.038280437792679090e+00,0.000000000000000000e+00
3.140408958474612544e-01,-9.521720524107969430e-01,0.000000000000000000e+00
1.599010939854346169e-01,-7.936206479375025324e-01,0.000000000000000000e+00
4.729126605096242164e-01,-7.598859585284671869e-01,0.000000000000000000e+00
2.876033529602500249e-01,-9.591811963355656445e-01,0.000000000000000000e+00
5.227127711271383204e-01,-9.206243054931110281e-01,0.000000000000000000e+00
3.291986860021822725e-01,-9.498407355869090685e-01,0.000000000000000000e+00
4.108415766447020556e-01,-1.018109581918973827e+00,0.000000000000000000e+00
5.465080002123042791e-01,-7.627428890895625591e-01,0.000000000000000000e+00
3.390706941445502665e-01,-7.583063031908849894e-01,0.000000000000000000e+00
4.290360985461619259e-01,-9.403153496569640613e-01,0.000000000000000000e+00
4.127235819151972573e-01,-6.235774019038482496e-01,0.000000000000000000e+00
5.344508216909003018e-01,-9.966310223681809077e-01,0.000000000000000000e+00
5.464850736325236324e-01,-8.701364313090889091e-01,0.000000000000000000e+00
6.547904113800550041e-01,-8.658002375739846102e-01,0.000000000000000000e+00
5.728026359681066548e-01,-7.862864085737254483e-01,0.000000000000000000e+00
5.880935219752575494e-01,-7.257798272515054716e-01,0.000000000000000000e+00
4.584471159543279661e-01,-6.480155235612099496e-01,0.000000000000000000e+00
6.819879114788360841e-01,-7.453724658728744235e-01,0.000000000000000000e+00
4.791708248275450277e-01,-9.156109511266855572e-01,0.000000000000000000e+00
4.838727661654634860e-01,-8.075660152332572173e-01,0.000000000000000000e+00
7.091668991565145408e-01,-8.057423860194070642e-01,0.000000000000000000e+00
5.382152818536294347e-01,-6.289476485055809363e-01,0.000000000000000000e+00
7.791406278329034985e-01,-8.201408322938308348e-01,0.000000000000000000e+00
6.163521197142005636e-01,-7.655410101758785002e-01,0.000000000000000000e+00
6.769306443625811021e-01,-7.099776265698247713e-01,0.000000000000000000e+00
7.757288619698452514e-01,-5.830724790493702070e-01,0.000000000000000000e+00
8.086184183182675289e-01,-7.982486502277004181e-01,0.000000000000000000e+00
5.595988321136254884e-01,-6.341544227902368158e-01,0.000000000000000000e+00
7.767912662864161488e-01,-5.641531695478214647e-01,0.000000000000000000e+00
8.397447549254770660e-01,-4.118390344264786229e-01,0.000000000000000000e+00
7.924098466648681338e-01,-4.042384009990700466e-01,0.000000000000000000e+00
6.279811519810878373e-01,-4.316701245700833578e-01,0.000000000000000000e+00
1.002040404459184186e+00,-4.288358076771637273e-01,0.000000000000000000e+00
8.872023422507223644e-01,-4.439137006001950825e-01,0.000000000000000000e+00
9.874356466635663132e-01,-5.180654879153610004e-01,0.000000000000000000e+00
8.306286946918194358e-01,-3.774631373899257625e-01,0.000000000000000000e+00
7.244601905743601744e-01,-5.421039136003298342e-01,0.000000000000000000e+00
8.835957266415955802e-01,-5.395402053778003415e-01,0.000000000000000000e+00
9.673523656804532411e-01,-4.593313534658415298e-01,0.000000000000000000e+00
1.067318145123059780e+00,-2.790841528390651805e-01,0.000000000000000000e+00
9.755305802573807084e-01,-3.151511963310802411e-01,0.000000000000000000e+00
1.110884730223014483e+00,-2.427392916780029830e-01,0.000000000000000000e+00
7.739647432464710208e-01,-3.004164852453692358e-01,0.000000000000000000e+00
1.034710774159864233e+00,-1.959022344028687745e-01,0.000000000000000000e+00
1.090060315085319864e+00,-2.524295386468123903e-01,0.000000000000000000e+00
9.596453779954944308e-01,-1.913891432395055936e-01,0.000000000000000000e+00
1.086682446409195979e+00,-3.900146908770291132e-02,0.000000000000000000e+00
1.110693598142240779e+00,-2.198356995354217025e-01,0.000000000000000000e+00
9.217367800404862033e-01,2.524557533157195666e-02,0.000000000000000000e+00
9.721942726537076140e-01,-3.351955621489166592e-02,0.000000000000000000e+00
1.025999765801512975e+00,9.747457163449789463e-02,0.000000000000000000e+00
8.876085603975177873e-01,-1.254469418599247210e-01,0.000000000000000000e+00
8.731886494763387851e-01,-2.064784753239110315e-01,0.000000000000000000e+00
1.004929293002617019e+00,-1.095865801907794507e-01,0.000000000000000000e+00
-1.563200278564957912e+00,1.184865112009383659e-01,1.000000000000000000e+00
-1.192180423052250582e+00,-5.924058112766898698e-02,1.000000000000000000e+00
-1.652194786819105143e+00,-2.993848445830001037e-02,1.000000000000000000e+00
-1.521333279087986767e+00,-1.902972001232852151e-01,1.000000000000000000e+00
-1.386777786420202441e+00,-1.697834188614528728e-01,1.000000000000000000e+00
-1.565603991645991622e+00,-1.723356019978543596e-01,1.000000000000000000e+00
-1.382227321347396565e+00,-3.517572779190696330e-01,1.000000000000000000e+00
-1.567665795137936469e+00,-3.338402653958761901e-01,1.000000000000000000e+00
-1.562975897172949047e+00,-2.196965958168461963e-01,1.000000000000000000e+00
-1.649623813144368567e+00,-1.363881858261222491e-01,1.000000000000000000e+00
-1.549781052978382867e+00,-4.913599899687701167e-01,1.000000000000000000e+00
-1.425046556570910949e+00,-3.641584797284926900e-01,1.000000000000000000e+00
-1.513475485408279697e+00,-4.883139200719706641e-01,1.000000000000000000e+00
-1.569322423577838022e+00,-4.379854266469819235e-01,1.000000000000000000e+00
-1.505825428596418325e+00,-5.352869075233184226e-01,1.000000000000000000e+00
-1.370572752054993071e+00,-5.012661715757713576e-01,1.000000000000000000e+00
-1.309561642664017089e+00,-6.263797668494125448e-01,1.000000000000000000e+00
-1.517951735874811581e+00,-7.150841431423705652e-01,1.000000000000000000e+00
-1.320285570522223617e+00,-5.537905338650909171e-01,1.000000000000000000e+00
-1.360495244393108871e+00,-6.486722092974207543e-01,1.000000000000000000e+00
-1.257200137484571156e+00,-6.389736040291021935e-01,1.000000000000000000e+00
-1.213287143106445587e+00,-7.810865086495788479e-01,1.000000000000000000e+00
-1.309537708131055522e+00,-8.177430520501259847e-01,1.000000000000000000e+00
-1.176962026947908413e+00,-7.812677425964179578e-01,1.000000000000000000e+00
-1.265714564083859184e+00,-9.060897614599383587e-01,1.000000000000000000e+00
-1.035728550816667148e+00,-8.120817175475639749e-01,1.000000000000000000e+00
-1.108047229244256249e+00,-9.591011412710570561e-01,1.000000000000000000e+00
-1.227719755713827299e+00,-9.569918644671348007e-01,1.000000000000000000e+00
-1.173293667207637059e+00,-9.972501070668697842e-01,1.000000000000000000e+00
-1.159068774616368591e+00,-9.803942384064360249e-01,1.000000000000000000e+00
-1.333577634680054746e+00,-8.179797638160356543e-01,1.000000000000000000e+00
-1.129385025889986904e+00,-9.467607183329574960e-01,1.000000000000000000e+00
-1.095168054873782992e+00,-1.235329642784193327e+00,1.000000000000000000e+00
-1.072870315985561929e+00,-9.655569546749513954e-01,1.000000000000000000e+00
-1.152968731002876446e+00,-1.199958627923311205e+00,1.000000000000000000e+00
-9.157583050091744337e-01,-1.085448819438341150e+00,1.000000000000000000e+00
-1.055143312462417882e+00,-1.177074394246212741e+00,1.000000000000000000e+00
-9.199729125389143336e-01,-1.258577181153399227e+00,1.000000000000000000e+00
-7.992472810449249288e-01,-1.315182764138062455e+00,1.000000000000000000e+00
-7.896500331093015967e-01,-1.206180986615891682e+00,1.000000000000000000e+00
-9.464063453832185502e-01,-1.335844348655853109e+00,1.000000000000000000e+00
-8.070054209218376906e-01,-1.491583233507877138e+00,1.000000000000000000e+00
-6.133985350825369443e-01,-1.331902529236212329e+00,1.000000000000000000e+00
-6.956351315197247809e-01,-1.324676785049655470e+00,1.000000000000000000e+00
-8.225714697994405133e-01,-1.365960107637280485e+00,1.000000000000000000e+00
-6.245634952606794466e-01,-1.397385107960751327e+00,1.000000000000000000e+00
-5.870778048593658927e-01,-1.422426208447327811e+00,1.000000000000000000e+00
-5.986749949057227349e-01,-1.307252294552349037e+00,1.000000000000000000e+00
-4.126754741590761277e-01,-1.287219893471372334e+00,1.000000000000000000e+00
-4.802429209291304568e-01,-1.508651274474858583e+00,1.000000000000000000e+00
-6.423081483533663594e-01,-1.342520320455713456e+00,1.000000000000000000e+00
-4.387754464723481740e-01,-1.367845197393761536e+00,1.000000000000000000e+00
-2.728897519887166778e-01,-1.133868868755330217e+00,1.000000000000000000e+00
-4.031705498530411269e-01,-1.512526919808970138e+00,1.000000000000000000e+00
-2.895430993900198757e-01,-1.385741107538963401e+00,1.000000000000000000e+00
-2.368215486062888453e-01,-1.476439436528932170e+00,1.000000000000000000e+00
-2.532062576487024708e-01,-1.457868801228697331e+00,1.000000000000000000e+00
-2.269102764378908010e-01,-1.532325946287296903e+00,1.000000000000000000e+00
-8.311994833410224492e-02,-1.517476709431335946e+00,1.000000000000000000e+00
-1.294110921611748288e-01,-1.530890573648835851e+00,1.000000000000000000e+00
-7.310005432695909633e-02,-1.393736740843335209e+00,1.000000000000000000e+00
3.360843931172685650e-02,-1.613311315181605643e+00,1.000000000000000000e+00
-1.113301918205072821e-01,-1.536551402981777947e+00,1.000000000000000000e+00
1.357431463408547145e-01,-1.646232423105983722e+00,1.000000000000000000e+00
2.300145393037334590e-02,-1.321889771233225597e+00,1.000000000000000000e+00
7.226392278084595167e-02,-1.434402138445717512e+00,1.000000000000000000e+00
-4.655115279044719223e-04,-1.480053553432274516e+00,1.000000000000000000e+00
1.327030380584457436e-01,-1.604170157857835566e+00,1.000000000000000000e+00
3.808492716826987756e-01,-1.564859791677665868e+00,1.000000000000000000e+00
1.341082867235562359e-01,-1.380790341168283586e+00,1.000000000000000000e+00
3.203972852783600334e-01,-1.469383854514622945e+00,1.000000000000000000e+00
3.158413657572955446e-01,-1.573370523517898079e+00,1.000000000000000000e+00
5.191945101390196271e-01,-1.378321986334922755e+00,1.000000000000000000e+00
3.258963214450039114e-01,-1.432323892629410622e+00,1.000000000000000000e+00
5.467046062386666794e-01,-1.402979502612444751e+00,1.000000000000000000e+00
4.980407432315399618e-01,-1.464841675531828535e+00,1.000000000000000000e+00
6.080480825148324442e-01,-1.556586806534061562e+00,1.000000000000000000e+00
4.895027163453178898e-01,-1.395221605837735801e+00,1.000000000000000000e+00
6.420732461346414510e-01,-1.291588107360970961e+00,1.000000000000000000e+00
3.975239953771178558e-01,-1.351797146421650719e+00,1.000000000000000000e+00
5.470445559988933448e-01,-1.247160371676554691e+00,1.000000000000000000e+00
5.990313021419553241e-01,-1.264192337635637653e+00,1.000000000000000000e+00
9.267491097457434268e-01,-1.267326630310254609e+00,1.000000000000000000e+00
7.822918102968405840e-01,-1.248361728493881495e+00,1.000000000000000000e+00
6.335410929147539116e-01,-1.368179504724624351e+00,1.000000000000000000e+00
9.234992926360084953e-01,-1.334716958268343134e+00,1.000000000000000000e+00
8.752641485336536409e-01,-1.327106849459365412e+00,1.000000000000000000e+00
7.760733626858045131e-01,-1.146152860894269931e+00,1.000000000000000000e+00
8.431665482264840694e-01,-1.264745991862836538e+00,1.000000000000000000e+00
9.913694826607766242e-01,-1.050996737968828532e+00,1.000000000000000000e+00
8.671096561801450164e-01,-1.144916115461931172e+00,1.000000000000000000e+00
8.500301114392641022e-01,-1.187587790395198351e+00,1.000000000000000000e+00
9.333840547687437539e-01,-1.034095089051886962e+00,1.000000000000000000e+00
1.209678853632440543e+00,-1.142859007490355294e+00,1.000000000000000000e+00
1.015058980063937577e+00,-1.200872154990743956e+00,1.000000000000000000e+00
1.111797087559338815e+00,-9.204820754708356034e-01,1.000000000000000000e+00
1.039622813978663629e+00,-9.126305255803104366e-01,1.000000000000000000e+00
1.260766713806904749e+00,-8.366073892990788519e-01,1.000000000000000000e+00
1.319390736252445517e+00,-9.715984911681574410e-01,1.000000000000000000e+00
1.034064539791960780e+00,-9.082651287856998712e-01,1.000000000000000000e+00
1.327618916715596731e+00,-6.966224231910211895e-01,1.000000000000000000e+00
1.225248897599463094e+00,-8.063592602834529499e-01,1.000000000000000000e+00
1.203732548204815345e+00,-5.988979855848804990e-01,1.000000000000000000e+00
1.347259758421092579e+00,-7.176258102835874064e-01,1.000000000000000000e+00
1.418109973583426608e+00,-6.791855290534877243e-01,1.000000000000000000e+00
1.202288661795835267e+00,-7.629113960313627096e-01,1.000000000000000000e+00
1.055242664554079113e+00,-7.405980279964361479e-01,1.000000000000000000e+00
1.203303449071069675e+00,-6.541196958077608592e-01,1.000000000000000000e+00
1.387293330388829515e+00,-5.473958010311896771e-01,1.000000000000000000e+00
1.416243888316462085e+00,-4.669129093855013402e-01,1.000000000000000000e+00
1.461341827776542646e+00,-5.131690901350616230e-01,1.000000000000000000e+00
1.371437737777511323e+00,-4.423569351510655001e-01,1.000000000000000000e+00
1.526821341308209234e+00,-3.670204206276324599e-01,1.000000000000000000e+00
1.379207912960304983e+00,-4.529552720790932518e-01,1.000000000000000000e+00
1.314193461255310336e+00,-4.357564351289962556e-01,1.000000000000000000e+00
1.572470051886887710e+00,-3.941915062465414787e-01,1.000000000000000000e+00
1.290030884417476376e+00,-1.600778709238973030e-01,1.000000000000000000e+00
1.591357287803385701e+00,-2.245054523776162381e-01,1.000000000000000000e+00
1.325650276505853542e+00,-2.881279224734630273e-01,1.000000000000000000e+00
1.391486207367140349e+00,-1.351197444167425155e-01,1.000000000000000000e+00
1.472911732802595131e+00,-6.985212437798331286e-02,1.000000000000000000e+00
1.422776878099749398e+00,-2.975545380283214358e-01,1.000000000000000000e+00
1.467454703379928782e+00,-1.769646118384601841e-02,1.000000000000000000e+00
1.422515109610352546e+00,-2.871070605719735491e-01,1.000000000000000000e+00
1.737039464166546310e+00,8.349088480340888241e-02,1.000000000000000000e+00
1.684337294083312342e+00,8.106860599616706742e-02,1.000000000000000000e+00
1.696911638888563001e+00,7.459186154603550389e-02,1.000000000000000000e+00
1.585731898423780706e+00,-7.445333891970505602e-02,1.000000000000000000e+00
1.523424596672462883e+00,1.360455603836255301e-02,1.000000000000000000e+00
1.499716362776014611e+00,2.177357099025449272e-01,1.000000000000000000e+00
1.448744894619049095e+00,6.314655370162422510e-02,1.000000000000000000e+00
1.440431944873138637e+00,3.533783770571193861e-01,1.000000000000000000e+00
1.523418787846804401e+00,2.770421237701518047e-01,1.000000000000000000e+00
1.475836983941935188e+00,1.935595356915047471e-01,1.000000000000000000e+00
1.326770476284474753e+00,5.713397244774740535e-01,1.000000000000000000e+00
1.241675836706110925e+00,2.944904781086737922e-01,1.000000000000000000e+00
1.399664567603808862e+00,3.428046966271327545e-01,1.000000000000000000e+00
1.517423616980709822e+00,3.198425280011497618e-01,1.000000000000000000e+00
1.536530161273526263e+00,4.926255543902901546e-01,1.000000000000000000e+00
1.309399538147680842e+00,7.239493327045670723e-01,1.000000000000000000e+00
1.486243868272527857e+00,7.208863186056894135e-01,1.000000000000000000e+00
1.348763317898584502e+00,6.643170223488863435e-01,1.000000000000000000e+00
1.432765306295517460e+00,8.172689339656900032e-01,1.000000000000000000e+00
1.501650390148696168e+00,5.187854188985634440e-01,1.000000000000000000e+00
1.338052718517352968e+00,6.997497526772944454e-01,1.000000000000000000e+00
1.298522098436554861e+00,7.628993605065851336e-01,1.000000000000000000e+00
1.169727797474940267e+00,8.283926096733041922e-01,1.000000000000000000e+00
1.280539683610645074e+00,6.933455891801102444e-01,1.000000000000000000e+00
1.238518455154366427e+00,9.554435665295335500e-01,1.000000000000000000e+00
1.195236042371994767e+00,9.589941563286703552e-01,1.000000000000000000e+00
1.147084767643864689e+00,7.601169297809394765e-01,1.000000000000000000e+00
1.314981722801249253e+00,9.080443220788194658e-01,1.000000000000000000e+00
1.072954757037170692e+00,8.730564320513842791e-01,1.000000000000000000e+00
1.251796144777665321e+00,1.027494911162026181e+00,1.000000000000000000e+00
9.758903561322924691e-01,9.532919454848121088e-01,1.000000000000000000e+00
1.137668271387953345e+00,1.121351733335817835e+00,1.000000000000000000e+00
1.003578234654227463e+00,8.973365564126023486e-01,1.000000000000000000e+00
1.121970495437735860e+00,9.941663295481043550e-01,1.000000000000000000e+00
1.057260555131906532e+00,1.237505342144288756e+00,1.000000000000000000e+00
1.169660635030973950e+00,1.247224284828669649e+00,1.000000000000000000e+00
9.248344604045551920e-01,1.159294540874451496e+00,1.000000000000000000e+00
9.408329540097153387e-01,1.152683139553473568e+00,1.000000000000000000e+00
8.359337005301055168e-01,1.114966051288304394e+00,1.000000000000000000e+00
1.013605347454144434e+00,1.135508902749894133e+00,1.000000000000000000e+00
9.527550981394810048e-01,1.255643232416004951e+00,1.000000000000000000e+00
8.527198826031591183e-01,1.109317376560543522e+00,1.000000000000000000e+00
8.124937796945049806e-01,1.221770699295260387e+00,1.000000000000000000e+00
7.412176470471589784e-01,1.377218822642660712e+00,1.000000000000000000e+00
8.132788361113988396e-01,1.238298011942194465e+00,1.000000000000000000e+00
8.427030174028609100e-01,1.226914980302373115e+00,1.000000000000000000e+00
7.247751783294488215e-01,1.327526323780812589e+00,1.000000000000000000e+00
5.971703558702301518e-01,1.514939415185233118e+00,1.000000000000000000e+00
4.801142829125816802e-01,1.346088493874812331e+00,1.000000000000000000e+00
5.179883066679589199e-01,1.400246916289768384e+00,1.000000000000000000e+00
4.791026835741529211e-01,1.328766225291582392e+00,1.000000000000000000e+00
5.240259204735492338e-01,1.476208153992390804e+00,1.000000000000000000e+00
3.994304576687132680e-01,1.470131801144957118e+00,1.000000000000000000e+00
3.814258357409092137e-01,1.552746942325307522e+00,1.000000000000000000e+00
3.999231848442669213e-01,1.582307004399777339e+00,1.000000000000000000e+00
2.127303473254242294e-01,1.500549474288881191e+00,1.000000000000000000e+00
1.035020556256615598e-01,1.431054356165081698e+00,1.000000000000000000e+00
3.841387720451527876e-02,1.481095685492204161e+00,1.000000000000000000e+00
2.723563084524256994e-01,1.414661565425701317e+00,1.000000000000000000e+00
1.591437651789349428e-01,1.367901994672210852e+00,1.000000000000000000e+00
1.167600464503924657e-01,1.491387219764279015e+00,1.000000000000000000e+00
1.392867912411547004e-01,1.501475921079910680e+00,1.000000000000000000e+00
1.315426118636636998e-01,1.367201067096131872e+00,1.000000000000000000e+00
1.198460935907946084e-02,1.586153755575311797e+00,1.000000000000000000e+00
-4.528472716759327638e-02,1.443837328755645188e+00,1.000000000000000000e+00
-6.710132313902746060e-02,1.382612944901139951e+00,1.000000000000000000e+00
-1.386077128122142343e-01,1.626784478777544729e+00,1.000000000000000000e+00
-2.577206380230403493e-01,1.561096738760698432e+00,1.000000000000000000e+00
-6.487775000504567013e-02,1.644830541084651765e+00,1.000000000000000000e+00
-1.927402345158119590e-01,1.369838801362651903e+00,1.000000000000000000e+00
-3.359426997656720926e-01,1.422021265833231629e+00,1.000000000000000000e+00
-4.487580025128135586e-01,1.342128189230390456e+00,1.000000000000000000e+00
-9.972026434279221418e-02,1.462612570489747466e+00,1.000000000000000000e+00
-4.554839473786175263e-01,1.426449322132105069e+00,1.000000000000000000e+00
-2.646977422303765648e-01,1.492105214439517047e+00,1.000000000000000000e+00
-5.007506803277900209e-01,1.265321308327203020e+00,1.000000000000000000e+00
-5.262163465855834721e-01,1.531816468916141760e+00,1.000000000000000000e+00
-5.195755578534887453e-01,1.335916397828471602e+00,1.000000000000000000e+00
-4.168510064438966101e-01,1.314097262392358800e+00,1.000000000000000000e+00
-4.696428522754957369e-01,1.318140503587174495e+00,1.000000000000000000e+00
-4.587016915501594405e-01,1.492387776167646507e+00,1.000000000000000000e+00
-5.383693064574022191e-01,1.406439541186211839e+00,1.000000000000000000e+00
-8.025200135167144255e-01,1.372895418732189787e+00,1.000000000000000000e+00
-7.057376461787826516e-01,1.178580737754778562e+00,1.000000000000000000e+00
-7.071491303078286661e-01,1.410802279110971336e+00,1.000000000000000000e+00
-7.245191860853734678e-01,1.246299353879111393e+00,1.000000000000000000e+00
-8.824121093597133703e-01,1.373923102847672606e+00,1.000000000000000000e+00
-8.423830823957689784e-01,1.342436418506267604e+00,1.000000000000000000e+00
-8.469310705922676874e-01,1.335901868488616140e+00,1.000000000000000000e+00
-8.889380575097364234e-01,1.274510713725416577e+00,1.000000000000000000e+00
-1.044168892756989875e+00,1.177590701006559604e+00,1.000000000000000000e+00
-1.045729367934026932e+00,1.018275811137132836e+00,1.000000000000000000e+00
-8.546969579897537583e-01,1.154079697443899599e+00,1.000000000000000000e+00
-9.685036041232801818e-01,1.223665113396904092e+00,1.000000000000000000e+00
-9.562812331846293201e-01,9.849518415059326237e-01,1.000000000000000000e+00
-1.017364331280145029e+00,1.058598977777450045e+00,1.000000000000000000e+00
-1.160829132679022324e+00,1.030548558188991493e+00,1.000000000000000000e+00
-1.230935657667102001e+00,1.016150572641559169e+00,1.000000000000000000e+00
-1.133707071977017256e+00,7.595600596454030740e-01,1.000000000000000000e+00
-1.263543136113990384e+00,9.227007327261608216e-01,1.000000000000000000e+00
-1.197685474030656838e+00,1.121481629468314312e+00,1.000000000000000000e+00
-1.139800920466975676e+00,1.060624076173033448e+00,1.000000000000000000e+00
-1.205508347278733794e+00,9.104018287356947514e-01,1.000000000000000000e+00
-1.377080573392805540e+00,7.092286181143118151e-01,1.000000000000000000e+00
-1.221205314938146547e+00,7.946208655516920905e-01,1.000000000000000000e+00
-1.319992649081931591e+00,6.917330632666152113e-01,1.000000000000000000e+00
-1.336147880951970235e+00,5.552532718378870857e-01,1.000000000000000000e+00
-1.313835133306371583e+00,6.325457925484025967e-01,1.000000000000000000e+00
-1.475271861791538797e+00,5.580319984999460026e-01,1.000000000000000000e+00
-1.455543389827425704e+00,5.781882322809347441e-01,1.000000000000000000e+00
-1.331368582315211491e+00,5.512255973661472908e-01,1.000000000000000000e+00
-1.402822214263188760e+00,5.253875153159520695e-01,1.000000000000000000e+00
-1.247526152430163071e+00,5.438775810280138678e-01,1.000000000000000000e+00
-1.478513275470192845e+00,5.210311578320038217e-01,1.000000000000000000e+00
-1.510462992520553049e+00,3.704121278233687420e-01,1.000000000000000000e+00
-1.373486624785194454e+00,5.982585908768299765e-01,1.000000000000000000e+00
-1.442162317307890351e+00,6.261942709148253794e-01,1.000000000000000000e+00
-1.424398403693460269e+00,1.384914497400426547e-01,1.000000000000000000e+00
-1.565704690500650198e+00,2.714939567763381412e-01,1.000000000000000000e+00
-1.596764529728502247e+00,3.398538787776230752e-01,1.000000000000000000e+00
-1.409116444522708900e+00,1.651238692258888696e-01,1.000000000000000000e+00
-1.418237917648559332e+00,1.792165177511464424e-01,1.000000000000000000e+00
-1.370301259952094730e+00,-5.219745021112776051e-03,1.000000000000000000e+00
-1.497974382973684460e+00,2.080170297516128197e-01,1.000000000000000000e+00
-1.361639661815722269e+00,-7.203444115823806615e-02,1.000000000000000000e+00
-1.818581635549288311e+00,1.468704736899863472e-01,1.000000000000000000e+00
-1.606927258180321560e+00,1.570377042550412383e-02,1.000000000000000000e+00
-1.492183561021925398e+00,-2.345891417772545118e-01,1.000000000000000000e+00
-1.513777514578263039e+00,-2.252201611177206686e-01,1.000000000000000000e+00
-1.450360939749872236e+00,-1.984701519394601321e-01,1.000000000000000000e+00
-1.487344321599551211e+00,-3.325041129942218898e-01,1.000000000000000000e+00
-1.507039940300530345e+00,-1.712251383550783546e-01,1.000000000000000000e+00
-1.507371887143223788e+00,-1.283918564290900677e-02,1.000000000000000000e+00
-1.480985238550290184e+00,-2.859720955979213053e-01,1.000000000000000000e+00
-1.389009282465311301e+00,-3.633539796728499360e-01,1.000000000000000000e+00
-1.644810713037771155e+00,-3.974906820922491923e-01,1.000000000000000000e+00
-1.429117820056020394e+00,-3.697364288919856024e-01,1.000000000000000000e+00
-1.299736270751991496e+00,-3.797498935812376741e-01,1.000000000000000000e+00
-1.530645145160299370e+00,-2.984693994829606956e-01,1.000000000000000000e+00
-1.338295979801871649e+00,-4.990330514699657383e-01,1.000000000000000000e+00
-1.244779721791930083e+00,-5.645212532305632358e-01,1.000000000000000000e+00
-1.482955377635363003e+00,-6.937850146011570462e-01,1.000000000000000000e+00
-1.414591333084775249e+00,-6.197215705343664949e-01,1.000000000000000000e+00
-1.204161598105907505e+00,-6.783498024359443379e-01,1.000000000000000000e+00
-1.342692528984730682e+00,-5.291029349961374750e-01,1.000000000000000000e+00
-1.362971233011432304e+00,-6.538171743009432157e-01,1.000000000000000000e+00
-1.321658276486276762e+00,-8.368610936197529160e-01,1.000000000000000000e+00
-1.461520858648102772e+00,-9.576156499448775783e-01,1.000000000000000000e+00
-1.163404251041242787e+00,-6.932754313994681228e-01,1.000000000000000000e+00
-1.425357512851287645e+00,-7.983966074320205664e-01,1.000000000000000000e+00
-1.061060208643308078e+00,-7.602640937057519865e-01,1.000000000000000000e+00
-1.180162738917842846e+00,-9.965340015606882762e-01,1.000000000000000000e+00
-1.290017799173871937e+00,-6.616403156008099362e-01,1.000000000000000000e+00
-1.301652100953547331e+00,-8.891501905438375930e-01,1.000000000000000000e+00
-1.112240898242212950e+00,-1.006202087518163202e+00,1.000000000000000000e+00
-1.128977506114352325e+00,-1.097070060278164449e+00,1.000000000000000000e+00
-1.051857003045937988e+00,-1.226271261554693570e+00,1.000000000000000000e+00
-9.455681714928215742e-01,-9.489545455217928138e-01,1.000000000000000000e+00
-9.720233853458207784e-01,-1.049605505089397761e+00,1.000000000000000000e+00
-1.108966737813283476e+00,-1.027254390978526111e+00,1.000000000000000000e+00
-8.184538153239856451e-01,-1.042107792657120946e+00,1.000000000000000000e+00
-8.700060718496650525e-01,-9.732094978021181841e-01,1.000000000000000000e+00
-1.013075713012896228e+00,-1.166500783343068059e+00,1.000000000000000000e+00
-1.032423483097432815e+00,-1.069438015276562792e+00,1.000000000000000000e+00
-8.834633597369405678e-01,-1.435183808042885589e+00,1.000000000000000000e+00
-8.735875819525554808e-01,-1.252380045747173654e+00,1.000000000000000000e+00
-7.306528717699588560e-01,-1.425498943633678683e+00,1.000000000000000000e+00
-8.796747338970631880e-01,-1.439967899575225641e+00,1.000000000000000000e+00
-7.319275441674724103e-01,-1.411533223751466837e+00,1.000000000000000000e+00
-7.177498956110851536e-01,-1.511639672200130846e+00,1.000000000000000000e+00
-6.688756183209906281e-01,-1.347927761535468560e+00,1.000000000000000000e+00
-7.319628377211622183e-01,-1.447615097791449479e+00,1.000000000000000000e+00
-5.129848877291542930e-01,-1.288623524554789235e+00,1.000000000000000000e+00
-4.735873244014419670e-01,-1.476320517599349458e+00,1.000000000000000000e+00
-5.677131140852822444e-01,-1.317113517091869301e+00,1.000000000000000000e+00
-4.486141268639148305e-01,-1.432078595851927982e+00,1.000000000000000000e+00
-1.811268751682179601e-01,-1.371637429286835630e+00,1.000000000000000000e+00
-1.888749568869066975e-01,-1.375944959839031423e+00,1.000000000000000000e+00
-4.734168978139532968e-01,-1.296833360803850477e+00,1.000000000000000000e+00
-3.003525752101597890e-01,-1.523114159689852753e+00,1.000000000000000000e+00
-2.737735691329461485e-01,-1.631407765541887045e+00,1.000000000000000000e+00
-2.546915154465286824e-01,-1.185258348798988726e+00,1.000000000000000000e+00
-1.498424104004101864e-01,-1.426602549153772381e+00,1.000000000000000000e+00
-1.462894836627312567e-01,-1.488629290972959929e+00,1.000000000000000000e+00
-1.744481348957974964e-01,-1.417668335576494743e+00,1.000000000000000000e+00
2.997692614474402328e-02,-1.475552800069621862e+00,1.000000000000000000e+00
-2.067889661093652576e-01,-1.480242560984890154e+00,1.000000000000000000e+00
-1.318852416588711940e-01,-1.567889850784521810e+00,1.000000000000000000e+00
7.369195647682189390e-03,-1.455179820303836857e+00,1.000000000000000000e+00
-2.383692060390668055e-01,-1.498563278104680263e+00,1.000000000000000000e+00
8.635872951610859549e-02,-1.660597265255655763e+00,1.000000000000000000e+00
8.671103041856137450e-02,-1.512973394786816694e+00,1.000000000000000000e+00
3.793141973835076342e-02,-1.728633781200660469e+00,1.000000000000000000e+00
2.076244767062377650e-01,-1.484772962794593365e+00,1.000000000000000000e+00
-2.401717645214201946e-02,-1.557891560451194257e+00,1.000000000000000000e+00
2.423229371549117106e-01,-1.335024357292695640e+00,1.000000000000000000e+00
4.216285096465784976e-01,-1.323385683339918906e+00,1.000000000000000000e+00
2.247534560975075757e-01,-1.456253078917305155e+00,1.000000000000000000e+00
3.858569702191436690e-01,-1.418063222946743585e+00,1.000000000000000000e+00
3.514049936756598047e-01,-1.482656287213867774e+00,1.000000000000000000e+00
2.910576881703500485e-01,-1.351351707565829230e+00,1.000000000000000000e+00
5.439762639570493441e-01,-1.487072392926022779e+00,1.000000000000000000e+00
5.060902133965180516e-01,-1.305054415163863224e+00,1.000000000000000000e+00
4.821539506522385388e-01,-1.352046326808640453e+00,1.000000000000000000e+00
4.321008323071263701e-01,-1.365946992843998231e+00,1.000000000000000000e+00
4.793308478367717118e-01,-1.195263738207698712e+00,1.000000000000000000e+00
4.074273439405527442e-01,-1.480320922619942081e+00,1.000000000000000000e+00
6.950273240805581176e-01,-1.293341764170357511e+00,1.000000000000000000e+00
6.065842974297178669e-01,-1.266165612959700093e+00,1.000000000000000000e+00
9.898781825740330387e-01,-1.268425642845501633e+00,1.000000000000000000e+00
6.901822676457951555e-01,-1.310386132388646541e+00,1.000000000000000000e+00
9.430949735089940722e-01,-1.208359794256657294e+00,1.000000000000000000e+00
7.991915765204825606e-01,-1.331079105199505230e+00,1.000000000000000000e+00
9.835095307765560069e-01,-1.289396029394442422e+00,1.000000000000000000e+00
9.473495575246586586e-01,-1.304175055279030992e+00,1.000000000000000000e+00
8.459025277582215008e-01,-1.235397010952760111e+00,1.000000000000000000e+00
1.126118611555333215e+00,-1.309941065194800913e+00,1.000000000000000000e+00
1.033340204607213986e+00,-1.200775010827820344e+00,1.000000000000000000e+00
1.102762353523774719e+00,-9.457814176736912826e-01,1.000000000000000000e+00
1.181516382068508619e+00,-9.604141999637710869e-01,1.000000000000000000e+00
1.023199417585625159e+00,-1.027521323165926370e+00,1.000000000000000000e+00
1.181819859783257209e+00,-9.516900626228412818e-01,1.000000000000000000e+00
1.245799873069233232e+00,-9.578585291400982804e-01,1.000000000000000000e+00
1.132880825660004920e+00,-7.470530290302593857e-01,1.000000000000000000e+00
1.097962271365652498e+00,-9.662097041534525310e-01,1.000000000000000000e+00
1.185203914256151458e+00,-1.053854397579029545e+00,1.000000000000000000e+00
9.769292860070528661e-01,-9.129870864835345490e-01,1.000000000000000000e+00
1.213725185667205109e+00,-7.553578393837285798e-01,1.000000000000000000e+00
1.186626030889590622e+00,-7.320604130465104831e-01,1.000000000000000000e+00
1.391997056356668372e+00,-6.805402811038766542e-01,1.000000000000000000e+00
1.114094716917816807e+00,-7.857367957987815288e-01,1.000000000000000000e+00
1.365107401316324021e+00,-5.687510400087482099e-01,1.000000000000000000e+00
1.315427998347837191e+00,-7.361315343422174529e-01,1.000000000000000000e+00
1.422757032821603485e+00,-6.893645322930170849e-01,1.000000000000000000e+00
1.423273592257723541e+00,-4.366338388086221656e-01,1.000000000000000000e+00
1.545301298954522951e+00,-7.083385732001524770e-01,1.000000000000000000e+00
1.543671266200411285e+00,-6.164633687625777902e-01,1.000000000000000000e+00
1.185993960903619859e+00,-6.740795885843798851e-01,1.000000000000000000e+00
1.548804843386168306e+00,-4.393610129785391893e-01,1.000000000000000000e+00
1.249521675721762870e+00,-6.480346169011181878e-01,1.000000000000000000e+00
1.593306926351531594e+00,-1.473520317004454183e-01,1.000000000000000000e+00
1.258329525496525880e+00,-3.122494964368006110e-01,1.000000000000000000e+00
1.398171666497998400e+00,-1.639160862117483852e-01,1.000000000000000000e+00
1.373475240037369316e+00,-1.298298654265308827e-01,1.000000000000000000e+00
1.448059740229557413e+00,-2.307211360935292888e-01,1.000000000000000000e+00
1.327595818012589524e+00,-2.641930544736357245e-01,1.000000000000000000e+00
1.440421250523759689e+00,-4.368982973351109855e-02,1.000000000000000000e+00
1.463235059153518591e+00,-1.073748127579013112e-01,1.000000000000000000e+00
1.658661788936738102e+00,-1.112364297914805455e-01,1.000000000000000000e+00
1.427413607707645582e+00,-1.266313491427950022e-01,1.000000000000000000e+00
1.333028006793494535e+00,-1.032894900550256068e-01,1.000000000000000000e+00
1.407575871828184555e+00,-9.613393745149548253e-02,1.000000000000000000e+00
1.449747640641964708e+00,5.407083402064263161e-02,1.000000000000000000e+00
1.588652236844425136e+00,7.676771392226849899e-02,1.000000000000000000e+00
1.386744248327091089e+00,1.047000962302981342e-01,1.000000000000000000e+00
1.463983078464760723e+00,1.802849819035667045e-01,1.000000000000000000e+00
1.552253685589326082e+00,4.481048442763208017e-01,1.000000000000000000e+00
1.522912636119170493e+00,1.920135966489278645e-01,1.000000000000000000e+00
1.434924468173343293e+00,4.326925722289725607e-01,1.000000000000000000e+00
1.485630348040532400e+00,5.226577083256828127e-01,1.000000000000000000e+00
1.490842077194019177e+00,3.260835277065547988e-01,1.000000000000000000e+00
1.382027402093795487e+00,2.875731338305342333e-01,1.000000000000000000e+00
1.368409521798439110e+00,5.723266842428553769e-01,1.000000000000000000e+00
1.331516698280078126e+00,5.044628537319227890e-01,1.000000000000000000e+00
1.453626126944132180e+00,5.715538609776291690e-01,1.000000000000000000e+00
1.423927851474004580e+00,6.731486765375050974e-01,1.000000000000000000e+00
1.440310953826897000e+00,5.869143737059654420e-01,1.000000000000000000e+00
1.371301605845626215e+00,6.519371903261996781e-01,1.000000000000000000e+00
1.460317275077394061e+00,6.270155612708986359e-01,1.000000000000000000e+00
1.122081793965851393e+00,7.771594321282023765e-01,1.000000000000000000e+00
1.383923533743288248e+00,6.403949631529280984e-01,1.000000000000000000e+00
1.176872286005747004e+00,7.217120895545384718e-01,1.000000000000000000e+00
1.204333280369774384e+00,9.412122114696350739e-01,1.000000000000000000e+00
1.341946152714181384e+00,8.288493885689722784e-01,1.000000000000000000e+00
1.261297970995480577e+00,9.132358621347244076e-01,1.000000000000000000e+00
1.147415905708142336e+00,7.322926040821181592e-01,1.000000000000000000e+00
1.107030897863110708e+00,9.811631040219740418e-01,1.000000000000000000e+00
1.051107965157460633e+00,9.331882453340003547e-01,1.000000000000000000e+00
1.217463689090894752e+00,9.366570138085805741e-01,1.000000000000000000e+00
1.209527875343970882e+00,9.717719613037395510e-01,1.000000000000000000e+00
1.177586822837464853e+00,9.008464137570530994e-01,1.000000000000000000e+00
1.281271203997454311e+00,1.029569187580447576e+00,1.000000000000000000e+00
9.717162817908078232e-01,1.133452008657835242e+00,1.000000000000000000e+00
1.113110524796451006e+00,1.097617946479021667e+00,1.000000000000000000e+00
1.072438223205286478e+00,1.060190796065872076e+00,1.000000000000000000e+00
8.992200891959433173e-01,1.041039187051706394e+00,1.000000000000000000e+00
8.842191912266780252e-01,1.136605656206326476e+00,1.000000000000000000e+00
8.680921782592161406e-01,1.317942281933891513e+00,1.000000000000000000e+00
8.956910099697661387e-01,1.060185438980816963e+00,1.000000000000000000e+00
9.361065980120876207e-01,1.135907345802054325e+00,1.000000000000000000e+00
8.863067762812529837e-01,1.244980381524375623e+00,1.000000000000000000e+00
8.136795115781177978e-01,1.335481590596003798e+00,1.000000000000000000e+00
7.540969364658434149e-01,1.240183651202890092e+00,1.000000000000000000e+00
8.000273855976428594e-01,1.260729895538083012e+00,1.000000000000000000e+00
8.501177426869170883e-01,1.402934755261005195e+00,1.000000000000000000e+00
5.783937983840050645e-01,1.201007990179112861e+00,1.000000000000000000e+00
6.580736022615487624e-01,1.525654063581440401e+00,1.000000000000000000e+00
5.500548742614629338e-01,1.475469602630667287e+00,1.000000000000000000e+00
4.641700688689834875e-01,1.533311263969000304e+00,1.000000000000000000e+00
3.887666544342366914e-01,1.430152050540914654e+00,1.000000000000000000e+00
7.360222381878871456e-01,1.331610770593733006e+00,1.000000000000000000e+00
5.260474479675310011e-01,1.386071434179451112e+00,1.000000000000000000e+00
3.570312086234569970e-01,1.302121389543821506e+00,1.000000000000000000e+00
4.776594014550789580e-01,1.529905177186631882e+00,1.000000000000000000e+00
3.184790502050308114e-01,1.515114550879661071e+00,1.000000000000000000e+00
1.540911806581541643e-01,1.479355850672932737e+00,1.000000000000000000e+00
3.366183283551416050e-01,1.499312038208796771e+00,1.000000000000000000e+00
1.865409640203928021e-01,1.493608270455510478e+00,1.000000000000000000e+00
1.112527002420899136e-01,1.408831972663889376e+00,1.000000000000000000e+00
3.432940307870883112e-01,1.458943466671026146e+00,1.000000000000000000e+00
2.050396968263589748e-01,1.586726200536008102e+00,1.000000000000000000e+00
-2.404586787753570931e-03,1.727105240221537219e+00,1.000000000000000000e+00
-1.006392614313775941e-02,1.438859611555896922e+00,1.000000000000000000e+00
2.323091143940947054e-02,1.577003309607625026e+00,1.000000000000000000e+00
-1.082109660332420675e-01,1.499599517051865005e+00,1.000000000000000000e+00
-6.941535183619690352e-02,1.331277219405007539e+00,1.000000000000000000e+00
-1.086411901815401981e-01,1.402243507268454925e+00,1.000000000000000000e+00
-2.146072239268783099e-01,1.404976678731315598e+00,1.000000000000000000e+00
-2.393799997203273355e-01,1.418047441016211163e+00,1.000000000000000000e+00
-1.514560076206892536e-01,1.465073478123221307e+00,1.000000000000000000e+00
-2.272443459004928890e-01,1.410958497976065207e+00,1.000000000000000000e+00
-2.482622157891281045e-01,1.553858069947206655e+00,1.000000000000000000e+00
-1.498980320995710325e-01,1.405674256622588159e+00,1.000000000000000000e+00
-4.253854738174522865e-01,1.421098133347762360e+00,1.000000000000000000e+00
-6.501431127321883885e-01,1.449942739058590391e+00,1.000000000000000000e+00
-2.879638973066945273e-01,1.539477013118017101e+00,1.000000000000000000e+00
-5.922105161586542765e-01,1.478320822132198842e+00,1.000000000000000000e+00
-5.157508787673821260e-01,1.310540092586941263e+00,1.000000000000000000e+00
-5.757800452311595540e-01,1.451994516608788865e+00,1.000000000000000000e+00
-6.325432886441745284e-01,1.367917280763416565e+00,1.000000000000000000e+00
-6.072746352623549226e-01,1.464700317955729414e+00,1.000000000000000000e+00
-6.694700178622572384e-01,1.320072059113338803e+00,1.000000000000000000e+00
-8.024505645379260699e-01,1.175400452048767974e+00,1.000000000000000000e+00
-7.238686804489525839e-01,1.486003989753891696e+00,1.000000000000000000e+00
-7.021042410675848444e-01,1.154926015014025475e+00,1.000000000000000000e+00
-9.437477321744012215e-01,1.376236206725703459e+00,1.000000000000000000e+00
-1.008554744837580230e+00,1.562927941187205461e+00,1.000000000000000000e+00
-9.330951568626435488e-01,1.380079350415006401e+00,1.000000000000000000e+00
-9.648417229528061245e-01,1.224590200616608282e+00,1.000000000000000000e+00
-9.919024468313899501e-01,1.186596438963856581e+00,1.000000000000000000e+00
-1.007648880282097981e+00,1.108524725753746720e+00,1.000000000000000000e+00
-9.172564587080876963e-01,1.089795611680875131e+00,1.000000000000000000e+00
-1.044756522776264074e+00,1.054832363394855532e+00,1.000000000000000000e+00
-1.028728201905531270e+00,1.038988983585469095e+00,1.000000000000000000e+00
-1.124621012922758734e+00,9.479728508379728913e-01,1.000000000000000000e+00
-1.017013417014755117e+00,1.018097509513672172e+00,1.000000000000000000e+00
-1.329277715003575722e+00,8.073184776115648331e-01,1.000000000000000000e+00
-1.196274550138085591e+00,8.459704475322907813e-01,1.000000000000000000e+00
-1.090610087672349682e+00,8.271185305510986296e-01,1.000000000000000000e+00
-1.216596097656555076e+00,8.669069052245438334e-01,1.000000000000000000e+00
-1.149267329127320547e+00,8.795835002157896820e-01,1.000000000000000000e+00
-1.109679264632251305e+00,8.217186162400271776e-01,1.000000000000000000e+00
-1.320108312059999900e+00,7.875360751039124363e-01,1.000000000000000000e+00
-1.292427234089035482e+00,9.066479842987492654e-01,1.000000000000000000e+00
-1.235109016694616368e+00,7.850038998322430572e-01,1.000000000000000000e+00
-1.309169445205871973e+00,8.485265048158449064e-01,1.000000000000000000e+00
-1.492951318570340691e+00,5.939041713627556396e-01,1.000000000000000000e+00
-1.286747725915119211e+00,6.179923554699539023e-01,1.000000000000000000e+00
-1.446287825402724714e+00,6.849880128815708513e-01,1.000000000000000000e+00
-1.513458918838077372e+00,6.622010749084701331e-01,1.000000000000000000e+00
-1.242737027312502684e+00,5.597416508494896803e-01,1.000000000000000000e+00
-1.156805910070184407e+00,4.473496607539664827e-01,1.000000000000000000e+00
-1.438643377094841247e+00,5.076047668362940746e-01,1.000000000000000000e+00
-1.508216896003703233e+00,6.348892643296694116e-01,1.000000000000000000e+00
-1.326510108773038654e+00,4.830546990051630685e-01,1.000000000000000000e+00
-1.389320714433486259e+00,3.405913632386948220e-01,1.000000000000000000e+00
-1.489278765896728141e+00,4.165610478162344865e-01,1.000000000000000000e+00
-1.424307545893052973e+00,1.283277843156623854e-01,1.000000000000000000e+00
-1.454148285946482044e+00,3.530750095351148921e-01,1.000000000000000000e+00
-1.471078104245865603e+00,1.175474023255988487e-01,1.000000000000000000e+00
-1.673707969896645276e+00,2.898383458105310284e-01,1.000000000000000000e+00
-1.364935264368499990e+00,2.547534465337453757e-01,1.000000000000000000e+00
-1.324870799613326433e+00,7.556178916488651143e-02,1.000000000000000000e+00
-1.621191805532196106e+00,9.662949071138600410e-02,1.000000000000000000e+00
-1.470849865506657306e+00,-8.947958265134579869e-02,1.000000000000000000e+00
-1.417352174539641130e+00,-1.208340360973594596e-01,1.000000000000000000e+00
